b0001,أدراج الوطنية كبير - خماسي,أدراج الوطنية ( كبير - صغير ),01.jpg,حبة,,
b0001,أدراج الوطنية كبير - رباعي,أدراج الوطنية ( كبير - صغير ),02.jpg,حبة,,
b0001,أدراج الوطنية كبير - ثلاثي,أدراج الوطنية ( كبير - صغير ),03.jpg,حبة,,
b0001,أدراج الوطنية صغير - خماسي,أدراج الوطنية ( كبير - صغير ),04.jpg,حبة,,
b0001,أدراج الوطنية صغير - رباعي,أدراج الوطنية ( كبير - صغير ),05.jpg,حبة,,
b0001,أدراج الوطنية صغير - ثلاثي,أدراج الوطنية ( كبير - صغير ),06.jpg,حبة,,
b0001,أدراج مكتبية ملونة - خماسي,أدراج الوطنية ( كبير - صغير ),07.jpg,كرتون,,
b0001,أدراج مكتبية ملونة - رباعي,أدراج الوطنية ( كبير - صغير ),08.jpg,كرتون,,
b0001,أدراج مكتبية ملونة - ثلاثي,أدراج الوطنية ( كبير - صغير ),09.jpg,كرتون,,
b0001,أدراج مكتبية خماسي / شفاف,أدراج الوطنية ( كبير - صغير ),10.jpg,كرتون,,
b0001,أدراج مكتبية رباعي / شفاف,أدراج الوطنية ( كبير - صغير ),,كرتون,,
b0001,أدراج مكتبية الثلاثي / شفاف,أدراج الوطنية ( كبير - صغير ),,كرتون,,
b0002,رف الصحون - خماسي كبير 2025,رفوف,11.jpg,طقم,,
b0002,رف الصحون - خماسي,رفوف,12.jpg,طقم,,
b0002,رف الصحون - رباعي,رفوف,13.jpg,طقم,,
b0002,رف الصحون - ثلاثي,رفوف,14.jpg,طقم,,
b0002,رف الصحون - ثنائي,رفوف,15.jpg,طقم,,
b0002,رف خضار نجوم الوطنية - خماسي,رفوف,16.jpg,بندل,,
b0002,رف خضار نجوم الوطنية -رباعي,رفوف,17.jpg,بندل,,
b0002,رف خضار نجوم الوطنية - ثلاثي,رفوف,18.jpg,بندل,,
b0002,رف الخضار المستطيل - خماسي,رفوف,19.jpg,بندل,,
b0002,رف الخضار المستطيل - رباعي,رفوف,20.jpg,بندل,,
b0002,رف الخضار المستطيل - ثلاثي,رفوف,21.jpg,بندل,,
b0002,رف خضار بيضاوي - رباعي,رفوف,22.jpg,بندل,,
b0002,رف خضار بيضاوي - ثلاثي,رفوف,23.jpg,بندل,,
b0002,رف الصحون - رباعي كبير 2025,رفوف,,طقم,,
b0002,رف الصحون - ثلاثي كبير 2025,رفوف,,طقم,,
b0002,رف الصحون - ثنائي كبير 2025,رفوف,,طقم,,
b0003,صندوق رحلات 4.5 لتر,حافظات - صناديق - سلات,24.jpg,كرتون,,
b0003,صندوق رحلات 8.5 لتر,حافظات - صناديق - سلات,25.jpg,كرتون,,
b0003,صندوق رحلات 16 لتر,حافظات - صناديق - سلات,26.jpg,كرتون,,
b0003,صندوق رحلات 30 لتر,حافظات - صناديق - سلات,27.jpg,كرتون,,
b0003,صندوق رحلات 50 لتر,حافظات - صناديق - سلات,28.jpg,كرتون,,
b0003,صندوق سمك,حافظات - صناديق - سلات,73.jpg,سلة,,
b0003,صندوق خضار,حافظات - صناديق - سلات,74.jpg,سلة,,
b0003,صندوق موز,حافظات - صناديق - سلات,75.jpg,سلة,,
b0003,سلة تحضير سمك,حافظات - صناديق - سلات,76.jpg,سلة,,
b0003,سلة غسيل 2020,حافظات - صناديق - سلات,102.jpg,درزن,,
b0003,سلة الغسيل الوطنية كبير,حافظات - صناديق - سلات,103.jpg,درزن,,
b0003,سلة غسيل نجوم,حافظات - صناديق - سلات,104.jpg,درزن,,
b0003,سلة رغيف رقم 1,عياشات - معاجن - صحف - طشت,147.jpg,كرتون,,
b0003,سلة رغيف رقم 2,عياشات - معاجن - صحف - طشت,148.jpg,كرتون,,
b0003,سلة رغيف / عبوة ٧٢,عياشات - معاجن - صحف - طشت,149.jpg,بندل,,
b0003,سلة ساندوتش,عياشات - معاجن - صحف - طشت,150.jpg,كرتون,,
b0003,سلة خيزران,عياشات - معاجن - صحف - طشت,151.jpg,بندل,,
b0003,سلة الواحة,عياشات - معاجن - صحف - طشت,152.jpg,بندل,,
b0003,سلة شبك مستطيل,عياشات - معاجن - صحف - طشت,153.jpg,بندل,,
b0003,سلة التاج,عياشات - معاجن - صحف - طشت,154.jpg,كرتون ,,
b0003,سلة فواكه,حافظات - صناديق - سلات,155.jpg,كرتون,,
b0003,سلة زهرة كبير,حافظات - صناديق - سلات,156.jpg,بندل,,
b0003,سلة زهرة صغير,حافظات - صناديق - سلات,157.jpg,بندل,,
b0003,مشن خضار رقم 30,حافظات - صناديق - سلات,158.jpg,بندل,,
b0003,مشن خضار رقم 25,حافظات - صناديق - سلات,159.jpg,بندل,,
b0003,مشن أرز مع اليد,حافظات - صناديق - سلات,160.jpg,كرتون,,
b0003,مشن أرز,حافظات - صناديق - سلات,161.jpg,بندل,,
b0003,مشن حوض,حافظات - صناديق - سلات,162.jpg,بندل,,
b0003,مصفاة شفاف,حافظات - صناديق - سلات,163.jpg,بندل,,
b0003,منخل دقيق,حافظات - صناديق - سلات,164.jpg,كرتون,,
b0003,صندوق عرض مكسرات عشرة لتر,حافظات - صناديق - سلات,220.jpg,كرتون,,
b0003,حافظة مكسرات عشرة لتر,حافظات - صناديق - سلات,221.jpg,بندل,,
b0003,حافظة مكسرات ستة لتر,حافظات - صناديق - سلات,222.jpg,بندل,,
b0003,علبة 1009 / 9750 مل,حافظات - صناديق - سلات,223.jpg,كرتون,,
b0003,علبة 1008 / 6150 مل,حافظات - صناديق - سلات,224.jpg,كرتون,,
b0003,علبة 1007 / 4050 مل,حافظات - صناديق - سلات,225.jpg,كرتون,,
b0003,علبة 1006 / 2950 مل,حافظات - صناديق - سلات,226.jpg,كرتون,,
b0003,علبة 1005 / 1850 مل,حافظات - صناديق - سلات,227.jpg,كرتون,,
b0003,علبة 1004 / 1300 مل,حافظات - صناديق - سلات,228.jpg,كرتون,,
b0003,علبة 1003 / 950 مل,حافظات - صناديق - سلات,229.jpg,كرتون,,
b0003,علبة 1002 / 500 مل,حافظات - صناديق - سلات,230.jpg,بندل,,
b0003,علبة 1001 / 350 مل,حافظات - صناديق - سلات,231.jpg,بندل,,
b0003,علبة كاتشاب 1000 مل,حافظات - صناديق - سلات,232.jpg,كرتون,,
b0003,علبة كاتشاب 500 مل,حافظات - صناديق - سلات,233.jpg,كرتون,,
b0003,علبة كاتشاب 400 مل,حافظات - صناديق - سلات,234.jpg,كرتون,,
b0003,علبة حلويات مربع,حافظات - صناديق - سلات,235.jpg,بندل,,
b0003,علبة حلويات مدور,حافظات - صناديق - سلات,236.jpg,كرتون,,
b0003,علبة 215 مل,حافظات - صناديق - سلات,237.jpg,كرتون,,
b0003,علبة 175 مل,حافظات - صناديق - سلات,238.jpg,كرتون,,
b0003,مغارف بهارات,حافظات - صناديق - سلات,248.jpg,كرتون,,
b0003,علبة 5 لتر,حافظات - صناديق - سلات,252.jpg,كرتون,,
b0003,علبة 4 لتر,حافظات - صناديق - سلات,253.jpg,كرتون,,
b0003,علبة 3 لتر,حافظات - صناديق - سلات,254.jpg,كرتون,,
b0003,علبة 2 لتر,حافظات - صناديق - سلات,255.jpg,كرتون,,255
b0003,علبة 1400 مل اسطواني,حافظات - صناديق - سلات,256.jpg,كرتون,,256
b0003,علبة 1000 مل اسطواني,حافظات - صناديق - سلات,257.jpg,كرتون,,257
b0003,علبة 1400 مل مربع,حافظات - صناديق - سلات,258.jpg,كرتون,,258
b0003,علبة 1000 مل مربع,حافظات - صناديق - سلات,259.jpg,كرتون,,259
b0003,علبة 750 مل,حافظات - صناديق - سلات,260.jpg,كرتون,,260
b0003,علبة 500 مل,حافظات - صناديق - سلات,261.jpg,كرتون,,261
b0003,علبة 350 مل,حافظات - صناديق - سلات,262.jpg,كرتون,,262
b0003,علبة 180 مل,حافظات - صناديق - سلات,263.jpg,كرتون,,263
b0003,علبة 50 مل,حافظات - صناديق - سلات,264.jpg,كرتون,,264
b0003,رف بهارات -2024 3 دور,حافظات - صناديق - سلات,265.jpg,كرتون,,265
b0003,طقم علب بهارات 4 قطع مع الملعقة,حافظات - صناديق - سلات,266.jpg,كرتون,,266
b0003,طقم علب بهارات 3 قطع مع الملعقة,حافظات - صناديق - سلات,267.jpg,كرتون,,267
b0003,صندوق البهارات,حافظات - صناديق - سلات,268.jpg,كرتون,,268
b0003,رف بهارات 6 قطع,حافظات - صناديق - سلات,269.jpg,كرتون,,269
b0003,رف بهارات دورين 9 علب / ملون,حافظات - صناديق - سلات,270.jpg,كرتون,,270
b0003,رف بهارات دورين 9 علب  / شفاف,حافظات - صناديق - سلات,271.jpg,كرتون,,271
b0003,رف بهارات 7 علب / ملون,حافظات - صناديق - سلات,272.jpg,كرتون,,272
b0003,رف بهارات 7 علب / شفاف,حافظات - صناديق - سلات,273.jpg,كرتون,,273
b0003,صندوق مكياج,حافظات - صناديق - سلات,278.jpg,كرتون,,278
b0003,سلة ملاعق,حافظات - صناديق - سلات,285.jpg,كرتون,,285
b0003,سلة شبك علاقي,حافظات - صناديق - سلات,286.jpg,كرتون,,286
b0003,سلة ورد,حافظات - صناديق - سلات,287.jpg,كرتون,,287
b0003,سلة فراولة,حافظات - صناديق - سلات,288.jpg,كرتون,,288
b0003,سلة حائط متعددة الاغراض,حافظات - صناديق - سلات,289.jpg,كرتون,,289
b0003,سلة تسوق سوبر,حافظات - صناديق - سلات,290.jpg,بندل,,290
b0003,سلة تسوق,حافظات - صناديق - سلات,291.jpg,كرتون,,291
b0003,علب بخور سداسي,حافظات - صناديق - سلات,343.jpg,كرتون,,343
b0003,علب بخور ثماني,حافظات - صناديق - سلات,344.jpg,كرتون,,344
b0003,علب بخور قلب,حافظات - صناديق - سلات,345.jpg,كرتون,,345
b0003,علب بخور عرائسي,حافظات - صناديق - سلات,346.jpg,كرتون,,346
b0003,قالب بلاط سداسي,حافظات - صناديق - سلات,354.jpg,بندل,,354
b0003,قالب بلاط مستطيل,حافظات - صناديق - سلات,355.jpg,بندل,,355
b0003,علب مستطيل 10 لتر,حافظات - صناديق - سلات,356.jpg,كرتون,,356
b0003,علب مستطيل 6 لتر,حافظات - صناديق - سلات,357.jpg,كرتون,,357
b0003,علب مستطيل  4 لتر,حافظات - صناديق - سلات,358.jpg,كرتون,,358
b0003,حوض الزهور 235x320,حافظات - صناديق - سلات,362.jpg,بندل,,362
b0003,حوض الزهور 205x280,حافظات - صناديق - سلات,363.jpg,بندل,,363
b0003,حوض الزهور 185x240,حافظات - صناديق - سلات,364.jpg,بندل,,364
b0003,حوض الزهور 170x210,حافظات - صناديق - سلات,365.jpg,بندل,,365
b0003,حوض الزهور 140x180,حافظات - صناديق - سلات,366.jpg,بندل,,366
b0003,حوض الزهور 110x150,حافظات - صناديق - سلات,367.jpg,بندل,,367
b0003,علب عسل 2000 مل,حافظات - صناديق - سلات,368.jpg,كرتون,,368
b0003,علب عسل 1300 مل,حافظات - صناديق - سلات,369.jpg,كرتون,,369
b0003,علب عسل 800 مل,حافظات - صناديق - سلات,370.jpg,كرتون,,370
b0003,بالدي الطحنية,حافظات - صناديق - سلات,371.jpg,بندل,,371
b0003,سلة السجاد,حافظات - صناديق - سلات,372.jpg,كرتون,,372
b0003,رف بهارات -2024 2 دور,حافظات - صناديق - سلات,,كرتون,,
b0003,رف بهارات -2024 4 دور,حافظات - صناديق - سلات,,كرتون,,
b0004,برميل سعة 120 لتر,براميل وبوالد,29.jpg,درزن,,
b0004,برميل سعة 90 لتر,براميل وبوالد,30.jpg,درزن,,
b0004,برميل سعة 70 لتر,براميل وبوالد,31.jpg,درزن,,
b0004,برميل سعة 50 لتر,براميل وبوالد,32.jpg,درزن,,
b0004,برميل سعة 30 لتر,براميل وبوالد,33.jpg,درزن,,
b0004,برميل سعة 22 لتر,براميل وبوالد,34.jpg,درزن,,
b0004,برميل عدن سعة 70 لتر,براميل وبوالد,35.jpg,درزن,,
b0004,برميل عدن سعة 60 لتر,براميل وبوالد,36.jpg,درزن,,
b0004,برميل عدن سعة 50 لتر,براميل وبوالد,37.jpg,درزن,,
b0004,برميل عدن سعة 45 لتر,براميل وبوالد,38.jpg,درزن,,
b0004,برميل سعة 80 لتر,براميل وبوالد,39.jpg,درزن,,
b0004,برميل سعة 60 لتر,براميل وبوالد,40.jpg,درزن,,
b0004,برميل سعة 40 لتر,براميل وبوالد,41.jpg,درزن,,
b0004,برميل سعة 30 لتر شفاف,براميل وبوالد,42.jpg,درزن,,
b0004,برميل سعة 20 لتر,براميل وبوالد,43.jpg,درزن,,
b0004,برميل قمامة مروحة 60 لتر,براميل وبوالد,44.jpg,درزن,,
b0004,برميل قمامة دعسة 30 لتر,براميل وبوالد,45.jpg,بندل,,
b0004,برميل قمامة دعسة  13 لتر,براميل وبوالد,46.jpg,كرتون,,
b0004,بالدي سعة 50 لتر / شفاف,براميل وبوالد,47.jpg,درزن,,
b0004,بالدي سعة 30 لتر / شفاف,براميل وبوالد,48.jpg,درزن,,
b0004,بالدي سعة 22 لتر / شفاف,براميل وبوالد,49.jpg,درزن,,
b0004,بالدي سعة 11 لتر / شفاف,براميل وبوالد,50.jpg,درزن,,
b0004,بالدي سعة 5 لتر / شفاف,براميل وبوالد,51.jpg,بندل,,
b0004,بالدي سعة 3 لتر / شفاف,براميل وبوالد,52.jpg,بندل,,
b0004,بالدي سعة 2 لتر / شفاف,براميل وبوالد,53.jpg,بندل,,
b0004,بالدي سعة 18 لتر,براميل وبوالد,54.jpg,درزن,,
b0004,بالدي سعة 13 لتر,براميل وبوالد,55.jpg,درزن,,
b0004,بالدي مصب سعة 12 لتر,براميل وبوالد,56.jpg,درزن,,
b0004,بالدي سعة 11 لتر,براميل وبوالد,57.jpg,درزن,,
b0004,بالدي سعة 9 لتر,براميل وبوالد,58.jpg,بندل,,
b0004,بالدي سعة 7 لتر,براميل وبوالد,59.jpg,بندل,,
b0004,بالدي سعة 5 لتر,براميل وبوالد,60.jpg,بندل,,
b0004,بالدي سعة 3 لتر,براميل وبوالد,61.jpg,بندل,,
b0004,بالدي سعة 2 لتر,براميل وبوالد,62.jpg,بندل,,
b0005,كرسي مع اليد / أبيض,كراسي - طاولات,63.jpg,درزن,,
b0005,كرسي مع اليد / بيج,كراسي - طاولات,64.jpg,درزن,,
b0005,كرسي مع اليد / ملون,كراسي - طاولات,65.jpg,درزن,,
b0005,كرسي البرنس / أبيض,كراسي - طاولات,66.jpg,درزن,,
b0005,كرسي البرنس / بيج,كراسي - طاولات,67.jpg,درزن,,
b0005,كرسي البرنس / ملون,كراسي - طاولات,68.jpg,درزن,,
b0005,كرسي ملكي / أبيض,كراسي - طاولات,69.jpg,درزن,,
b0005,كرسي ملكي / بيج,كراسي - طاولات,70.jpg,درزن,,
b0005,كرسي ملكي / ملون,كراسي - طاولات,71.jpg,درزن,,
b0005,كرسي أرجل معدنية ملون,كراسي - طاولات,7203.jpg,درزن,,
b0005,طاولة مجلس,كراسي - طاولات,89.jpg,كرتون,,
b0005,كرسي أطفال,كراسي - طاولات,90.jpg,بندل,,
b0005,كرسي تسريحة,كراسي - طاولات,91.jpg,درزن,,
b0005,كرسي تسريحة أبو قلب,كراسي - طاولات,92.jpg,بندل,,
b0005,كرسي مربع رقم 1,كراسي - طاولات,93.jpg,بندل,,
b0005,كرسي مربع رقم 2,كراسي - طاولات,94.jpg,بندل,,
b0005,كرسي مربع رقم 3,كراسي - طاولات,95.jpg,بندل,,
b0005,كرسي ترمس خيزران,كراسي - طاولات,96.jpg,بندل,,
b0005,كرسي الوطنية قطر 24,كراسي - طاولات,97.jpg,بندل,,
b0005,كرسي بيضاوي,كراسي - طاولات,98.jpg,بندل,,
b0005,كرسي 5 قواعد,كراسي - طاولات,99.jpg,بندل,,
b0005,كرسي القدس,كراسي - طاولات,100.jpg,بندل,,
b0005,كرسي ترمس عدن,كراسي - طاولات,101.jpg,بندل,,
b0005,رف أحذية 5 دور,كراسي - طاولات,359.jpg,كرتون,,359
b0005,رف أحذية 4 دور,كراسي - طاولات,360.jpg,كرتون,,360
b0005,رف أحذية 3 دور,كراسي - طاولات,361.jpg,كرتون,,361
b0005,طاولة دائرية / ملون قطر 95 سم ارتفاع 72 سم,كراسي - طاولات,0232.jpg,حبة,,373
b0005,طاوالت مستطيلة / ملون 114x73xc2  سم,كراسي - طاولات,3704.jpg,حبة,,374
b0005,كرسي أرجل معدنية / بني,كراسي - طاولات,3701.jpg,درزن,,
b0005,كرسي أرجل معدنية / فضي,كراسي - طاولات,3791.jpg,درزن,,
b0005,طاولة دائرية  / ابيض قطر 95 سم ارتفاع 72 سم,كراسي - طاولات,0231.jpg,حبة,,
b0005,طاولة دائرية / بيج قطر 95 سم ارتفاع 72 سم,كراسي - طاولات,0233.jpg,حبة,,
b0005,طاوالت مستطيلة / ابيض 114x73xc2  سم,كراسي - طاولات,3705.jpg,حبة,,
b0005,طاوالت مستطيلة / بيج 114x73xc2  سم,كراسي - طاولات,3706.jpg,حبة,,
b0006,طشت 401,عياشات - معاجن - صحف - طشت,77.jpg,درزن,,
b0006,طشت 402,عياشات - معاجن - صحف - طشت,78.jpg,درزن,,
b0006,طشت 403,عياشات - معاجن - صحف - طشت,79.jpg,درزن,,
b0006,طشت 404,عياشات - معاجن - صحف - طشت,80.jpg,درزن,,
b0006,طشت 405,عياشات - معاجن - صحف - طشت,81.jpg,درزن,,
b0006,صحف 90,عياشات - معاجن - صحف - طشت,82.jpg,درزن,,
b0006,صحف 80,عياشات - معاجن - صحف - طشت,83.jpg,درزن,,
b0006,صحف 70,عياشات - معاجن - صحف - طشت,84.jpg,درزن,,
b0006,صحف 60,عياشات - معاجن - صحف - طشت,85.jpg,درزن,,
b0006,صحف 40,عياشات - معاجن - صحف - طشت,86.jpg,درزن,,
b0006,معجنة الريان,عياشات - معاجن - صحف - طشت,105.jpg,بندل,,
b0006,معجنة 101,عياشات - معاجن - صحف - طشت,106.jpg,بندل,,
b0006,معجنة 102,عياشات - معاجن - صحف - طشت,107.jpg,بندل,,
b0006,معجنة 103,عياشات - معاجن - صحف - طشت,108.jpg,بندل,,
b0006,معجنة 104,عياشات - معاجن - صحف - طشت,109.jpg,بندل,,
b0006,معجنة 105,عياشات - معاجن - صحف - طشت,110.jpg,بندل,,
b0006,معجنة مكة رقم 1,عياشات - معاجن - صحف - طشت,111.jpg,بندل,,
b0006,معجنة مكة رقم 2,عياشات - معاجن - صحف - طشت,112.jpg,بندل,,
b0006,معجنة مكة رقم 3,عياشات - معاجن - صحف - طشت,113.jpg,بندل,,
b0006,معجنة مكة رقم 4,عياشات - معاجن - صحف - طشت,114.jpg,بندل,,
b0006,جفنة,عياشات - معاجن - صحف - طشت,115.jpg,درزن,,
b0006,معجنة عدن رقم 1,عياشات - معاجن - صحف - طشت,116.jpg,بندل,,
b0006,معجنة عدن رقم 2,عياشات - معاجن - صحف - طشت,117.jpg,بندل,,
b0006,معجنة عدن رقم 3,عياشات - معاجن - صحف - طشت,118.jpg,بندل,,
b0006,معجنة عدن رقم 4,عياشات - معاجن - صحف - طشت,119.jpg,بندل,,
b0006,معجنة القدس رقم 1,عياشات - معاجن - صحف - طشت,120.jpg,بندل,,
b0006,معجنة القدس رقم 2,عياشات - معاجن - صحف - طشت,121.jpg,بندل,,
b0006,معجنة القدس رقم 4,عياشات - معاجن - صحف - طشت,122.jpg,بندل,,
b0006,معجنة القدس رقم 5,عياشات - معاجن - صحف - طشت,123.jpg,بندل,,
b0006,معجنة القدس رقم 7,عياشات - معاجن - صحف - طشت,124.jpg,بندل,,
b0006,معجنة أبو يد رقم 1,عياشات - معاجن - صحف - طشت,125.jpg,بندل,,
b0006,معجنة أبو يد رقم 2,عياشات - معاجن - صحف - طشت,126.jpg,بندل,,
b0006,عياشة 50 / 2023,عياشات - معاجن - صحف - طشت,127.jpg,بندل,,
b0006,عياشة 50,عياشات - معاجن - صحف - طشت,128.jpg,درزن,,
b0006,عياشة 30,عياشات - معاجن - صحف - طشت,129.jpg,بندل ,,
b0006,عياشة 22,عياشات - معاجن - صحف - طشت,130.jpg,بندل ,,
b0006,عياشة 18,عياشات - معاجن - صحف - طشت,131.jpg,بندل ,,
b0006,عياشة 13,عياشات - معاجن - صحف - طشت,132.jpg,بندل ,,
b0006,عياشة 204 ملون,عياشات - معاجن - صحف - طشت,133.jpg,بندل,,
b0006,عياشة 203 ملون,عياشات - معاجن - صحف - طشت,134.jpg,بندل ,,
b0006,عياشة 204 / شفاف,عياشات - معاجن - صحف - طشت,135.jpg,بندل ,,
b0006,عياشة 203 / شفاف,عياشات - معاجن - صحف - طشت,136.jpg,بندل ,,
b0006,مطايب 7 مع الغطاء ملون,عياشات - معاجن - صحف - طشت,137.jpg,بندل ,,
b0006,مطايب 5 مع الغطاء ملون,عياشات - معاجن - صحف - طشت,138.jpg,بندل ,,
b0006,مطايب 7 / شفاف,عياشات - معاجن - صحف - طشت,139.jpg,بندل ,,
b0006,مطايب 5 / شفاف,عياشات - معاجن - صحف - طشت,140.jpg,بندل ,,
b0006,مطايب كريستال زجاجي,عياشات - معاجن - صحف - طشت,141.jpg,كرتون ,,
b0006,مطايب البركة,عياشات - معاجن - صحف - طشت,142.jpg,بندل ,,
b0006,مطايب مكسرات مع غطاء,عياشات - معاجن - صحف - طشت,143.jpg,,,
b0006,مطايب عدن كبير,عياشات - معاجن - صحف - طشت,144.jpg,بندل ,,
b0006,مطايب نورة,عياشات - معاجن - صحف - طشت,145.jpg,كرتون ,,
b0006,مطايب عدن صغير,عياشات - معاجن - صحف - طشت,146.jpg,كرتون ,,
b0007,صحن بيضاوي,صحون,165.jpg,كرتون ,,
b0007,صحن 3788,صحون,166.jpg,كرتون ,,
b0007,صحن 2888,صحون,167.jpg,كرتون,,
b0007,صحن 2488,صحون,168.jpg,كرتون,,
b0007,صحن مدور مع المقابض,صحون,169.jpg,بندل ,,
b0007,صحن 4 وردات,صحون,170.jpg,كرتون ,,
b0007,صحن حلويات,صحون,171.jpg,كرتون ,,
b0007,صحن قطر 20,صحون,172.jpg,كرتون ,,
b0007,صحن تقديم 3030,صحون,173.jpg,كرتون,,
b0007,صحن تقديم 2020,صحون,174.jpg,كرتون ,,
b0007,صحن تقديم بيضاوي 4040,صحون,175.jpg,كرتون ,,
b0007,صحن تقديم مستطيل 5050,صحون,176.jpg,كرتون,,
b0007,صحن تقديم مستطيل كبير,صحون,177.jpg,كرتون ,,
b0007,صحن مستطيل 35*22,صحون,178.jpg,كرتون,,
b0007,صحن مدور كبير,صحون,179.jpg,كرتون ,,
b0007,صحن مدور وسط,صحون,180.jpg,كرتون,,
b0007,صحن مدور صغير,صحون,181.jpg,كرتون,,
b0007,صحن خيزران كبير ملون,صحون,182.jpg,كرتون ,,
b0007,صحن خيزران وسط ملون,صحون,183.jpg,كرتون ,,
b0007,صحن خيزران صغير ملون,صحون,184.jpg,كرتون ,,
b0007,صحن الكيك 1060,صحون,185.jpg,كرتون ,,
b0007,صحن الكيك 1050,صحون,186.jpg,كرتون ,,
b0007,صحن الكيك 1040,صحون,187.jpg,كرتون ,,
b0008,جاك حافظ 1500 مل,جاكات - حافظات- اقلاص,188.jpg,كرتون ,,
b0008,جاك 4 لتر / شفاف,جاكات - حافظات- اقلاص,189.jpg,كرتون ,,
b0008,جاك 4 لتر / ملون,جاكات - حافظات- اقلاص,190.jpg,كرتون ,,
b0008,جاك 2.5 لتر  / شفاف,جاكات - حافظات- اقلاص,191.jpg,كرتون ,,
b0008,جاك 2.5 لتر  / ملون,جاكات - حافظات- اقلاص,192.jpg,كرتون ,,
b0008,جاك 1 لتر /  شفاف,جاكات - حافظات- اقلاص,193.jpg,كرتون,,
b0008,جاك 1 لتر /  ملون,جاكات - حافظات- اقلاص,194.jpg,كرتون ,,
b0008,جاك 1.5 لتر  / شفاف,جاكات - حافظات- اقلاص,195.jpg,كرتون ,,
b0008,جاك 1.5 لتر  / ملون,جاكات - حافظات- اقلاص,196.jpg,كرتون ,,
b0008,جاك جامبو / شفاف,جاكات - حافظات- اقلاص,197.jpg,كرتون,,
b0008,جاك جامبو / ملون,جاكات - حافظات- اقلاص,198.jpg,كرتون ,,
b0008,جاك الأمل  / شفاف,جاكات - حافظات- اقلاص,199.jpg,كرتون ,,
b0008,جاك الأمل  / ملون,جاكات - حافظات- اقلاص,200.jpg,كرتون ,,
b0008,جاك البركة  / شفاف,جاكات - حافظات- اقلاص,201.jpg,كرتون ,,
b0008,جاك البركة  / ملون,جاكات - حافظات- اقلاص,202.jpg,كرتون ,,
b0008,جاك ألفا / شفاف,جاكات - حافظات- اقلاص,203.jpg,كرتون ,,
b0008,جاك ألفا / ملون,جاكات - حافظات- اقلاص,204.jpg,كرتون ,,
b0008,طقم جاك 4 لتر مع 3 أقلاص,جاكات - حافظات- اقلاص,205.jpg,كرتون ,,
b0008,طقم جاك 2.5 لتر مع 3 أقلاص,جاكات - حافظات- اقلاص,206.jpg,كرتون ,,
b0008,طقم جاك الأمل مع 3 أقلاص,جاكات - حافظات- اقلاص,207.jpg,كرتون ,,
b0008,أقلاص مع اليد,جاكات - حافظات- اقلاص,209.jpg,كرتون ,,
b0008,أقلاص 400 مل,جاكات - حافظات- اقلاص,210.jpg,كرتون,,
b0008,أقلاص قلب ملون,جاكات - حافظات- اقلاص,211.jpg,كرتون ,,
b0008,أقلاص الأمير,جاكات - حافظات- اقلاص,212.jpg,كرتون ,,
b0008,أقلاص قهوة ملون,جاكات - حافظات- اقلاص,213.jpg,كرتون,,
b0008,أقلاص شراب 350 مل,جاكات - حافظات- اقلاص,214.jpg,كرتون ,,
b0008,أقلاص النخلة,جاكات - حافظات- اقلاص,215.jpg,كرتون ,,
b0008,أقلاص كريستال / ملون,جاكات - حافظات- اقلاص,216.jpg,كرتون ,,
b0008,أقلاص كريستال / شفاف,جاكات - حافظات- اقلاص,217.jpg,كرتون ,,
b0008,أقلاص قلب شفاف,جاكات - حافظات- اقلاص,218.jpg,كرتون ,,
b0008,أقلاص قهوة شفاف,جاكات - حافظات- اقلاص,219.jpg,كرتون ,,
b0008,اكواب عصير ضد الكسر 1001,جاكات - حافظات- اقلاص,347.jpg,كرتون ,,347
b0008,اكواب عصير ضد الكسر 1002,جاكات - حافظات- اقلاص,348.jpg,كرتون ,,348
b0008,اكواب عصير ضد الكسر 1003,جاكات - حافظات- اقلاص,349.jpg,كرتون ,,349
b0008,اكواب عصير ضد الكسر 1004,جاكات - حافظات- اقلاص,350.jpg,كرتون ,,350
b0008,اكواب شاي ضد الكسر 1005,جاكات - حافظات- اقلاص,351.jpg,كرتون ,,351
b0008,اكواب شاي ضد الكسر 1006,جاكات - حافظات- اقلاص,352.jpg,كرتون ,,352
b0008,اكواب شاي ضد الكسر 1007,جاكات - حافظات- اقلاص,353.jpg,كرتون ,,353
b0009,مغارف البرنس 1 لتر,مغارف  - رفوف -زوايا,239.jpg,بندل,,
b0009,مغارف ثماني كبير 800 مل,مغارف  - رفوف -زوايا,240.jpg,بندل,,
b0009,مغارف ثماني صغير,مغارف  - رفوف -زوايا,241.jpg,بندل,,
b0009,مغارف عادي ملون 900 مل,مغارف  - رفوف -زوايا,242.jpg,بندل,,
b0009,مغارف قلب 750 مل,مغارف  - رفوف -زوايا,243.jpg,بندل,,
b0009,كتلي ماء 1500 مل,مغارف  - رفوف -زوايا,244.jpg,بندل,,
b0009,ابريق ماء 3.2 لتر,مغارف  - رفوف -زوايا,245.jpg,بندل,,
b0009,ابريق ماء 2.5 لتر,مغارف  - رفوف -زوايا,246.jpg,بندل,,
b0009,ابريق 1750 مل,مغارف  - رفوف -زوايا,247.jpg,بندل,,
b0009,زاوية حمام كبير,مغارف  - رفوف -زوايا,300.jpg,كرتون,,300
b0009,زاوية حمام صغير,مغارف  - رفوف -زوايا,301.jpg,كرتون,,301
b0009,رف منظفات 12 x 30 سم,مغارف  - رفوف -زوايا,302.jpg,كرتون,,302
b0009,رف صابون بودرة,مغارف  - رفوف -زوايا,303.jpg,كرتون,,303
b0009,رف صابون مزدوج,مغارف  - رفوف -زوايا,304.jpg,كرتون,,304
b0009,علبة صابون,مغارف  - رفوف -زوايا,305.jpg,كرتون,,305
b0009,علبة صابون ورود,مغارف  - رفوف -زوايا,306.jpg,كرتون,,306
b0009,علبة صابون نسيم,مغارف  - رفوف -زوايا,307.jpg,كرتون,,307
b0010,مراية مربع 27 * 26,مرايات,280.jpg,كرتون ,,280
b0010,مراية مربع 33 * 26.5,مرايات,281.jpg,كرتون ,,281
b0010,مراية قلب 33 * 28.5,مرايات,282.jpg,كرتون ,,282
b0010,مراية قلب 22 * 24.5,مرايات,283.jpg,كرتون ,,283
b0010,مراية مربع 14.5 * 15,مرايات,284.jpg,كرتون ,,284
b0011,علبة مناديل,ادوات نظافة,279.jpg,كرتون,,279
b0011,سلة مهملات 10 لتر,ادوات نظافة,292.jpg,بندل,,292
b0011,سلة مهملات 6 لتر,ادوات نظافة,293.jpg,بندل,,293
b0011,سلة قمامة مع الطوق,ادوات نظافة,294.jpg,بندل,,294
b0011,سلة قمامة مع الطوق ثماني,ادوات نظافة,295.jpg,بندل,,295
b0011,سلة مهملات مروحة 10 لتر,ادوات نظافة,296.jpg,بندل,,296
b0011,سلة مهملات مروحة 6 لتر,ادوات نظافة,297.jpg,بندل,,297
b0011,سلة قمامة سوبر كبير,ادوات نظافة,298.jpg,بندل,,298
b0011,سلة قمامة سوبر صغير,ادوات نظافة,299.jpg,بندل,,299
b0011,ملف كنس 101,ادوات نظافة,308.jpg,بندل,,308
b0011,ملف  102,ادوات نظافة,309.jpg,بندل,,309
b0011,ملف كنس قلب,ادوات نظافة,310.jpg,بندل,,310
b0011,مكانس عدن,ادوات نظافة,311.jpg,كرتون,,311
b0011,مكنسة أبو يد ناعم,ادوات نظافة,312.jpg,كرتون,,312
b0011,مكنسة أبو يد خشن,ادوات نظافة,313.jpg,كرتون,,313
b0011,سحاب بلاط مع برش 50,ادوات نظافة,314.jpg,كرتون,,314
b0011,سحاب بلاط مع برش 40,ادوات نظافة,315.jpg,كرتون,,315
b0011,مكنسة التاج,ادوات نظافة,316.jpg,كرتون,,316
b0011,مكنسة البرنس,ادوات نظافة,317.jpg,كرتون,,317
b0011,مكنسة رقم 3,ادوات نظافة,318.jpg,كرتون,,318
b0011,مكنسة رقم 4,ادوات نظافة,319.jpg,كرتون,,319
b0011,سعافة سقف,ادوات نظافة,322.jpg,كرتون,,322
b0011,برش حمام مقوس,ادوات نظافة,323.jpg,كرتون,,323
b0011,مكنسة مع ملف,ادوات نظافة,324.jpg,كرتون,,324
b0011,موب الوطنية,ادوات نظافة,325.jpg,كرتون,,325
b0011,برش كاوية خشن,ادوات نظافة,326.jpg,كرتون,,326
b0011,برش حمام كروي مع قاعدة,ادوات نظافة,327.jpg,كرتون,,327
b0012,بانيو أطفال,منتجات خدمية,87.jpg,درزن,,
b0012,قصرية أطفال,منتجات خدمية,88.jpg,بندل,,
b0012,عصارة برتقال يدوية,منتجات خدمية,208.jpg,كرتون ,,
b0012,مدق هون,منتجات خدمية,250.jpg,كرتون ,,
b0012,قاعدة اسطوانة غاز ,منتجات خدمية,251.jpg,بندل ,,
b0012,مضارب ذباب,منتجات خدمية,320.jpg,كرتون ,,320
b0012,مضارب ذباب ورود,منتجات خدمية,321.jpg,كرتون,,321
b0012,معالق فساتين,منتجات خدمية,328.jpg,كرتون ,,328
b0012,معالق ثياب مقاس 38 سم,منتجات خدمية,329.jpg,كرتون ,,329
b0012,معالق فراشة,منتجات خدمية,330.jpg,كرتون ,,330
b0012,معالق ثياب أطفال,منتجات خدمية,331.jpg,كرتون ,,331
b0012,معالق ثياب مقاس 40 سم,منتجات خدمية,332.jpg,كرتون ,,332
b0012,معالق ملابس 2023,منتجات خدمية,333.jpg,كرتون,,333
b0012,معالق جدار ثياب خماسي,منتجات خدمية,334.jpg,كرتون,,334
b0012,معالق دواليب 2025,منتجات خدمية,335.jpg,كرتون ,,335
b0012,معالق أحذية,منتجات خدمية,336.jpg,كرتون ,,336
b0012,مصب قطر 20,منتجات خدمية,337.jpg,بندل,,337
b0012,مصب قطر 15,منتجات خدمية,338.jpg,كرتون,,338
b0012,مصب قطر 13,منتجات خدمية,339.jpg,كرتون,,339
b0012,مصب قطر 12,منتجات خدمية,340.jpg,كرتون,,340
b0012,مصب قطر 10,منتجات خدمية,341.jpg,كرتون,,341
b0012,مصب موديل 105,منتجات خدمية,342.jpg,كرتون,,342
b0013,قطاعة خضار,ادوات مطبخية,249.jpg,كرتون,,
b0014,فرادة كبير ملون - قطر 40 سم,فرادات عجين,274.jpg,كرتون,,274
b0014,فرادة صغير ملون - قطر 34 سم,فرادات عجين,275.jpg,كرتون,,275
b0014,فرادة فضي كبير - قطر 40 سم,فرادات عجين,276.jpg,كرتون,,276
b0014,فرادة فضي صغير - قطر 34 سم,فرادات عجين,277.jpg,كرتون,,277
,برش كاوية ناعم ,,,,,